"","ID","Description","GeneRatio","BgRatio","pvalue","p.adjust","qvalue","geneID","Count"
"GO:0003779","GO:0003779","actin binding","10/34","109/2354",1.54592437477764e-06,0.000174098252814814,0.000163161690244104,"Vil1/Myo1a/Iqgap2/Plec/Ezr/Myo7b/Dstn/Eps8l3/Actn4/Myh14",10
"GO:0051015","GO:0051015","actin filament binding","8/34","65/2354",2.24642906857825e-06,0.000174098252814814,0.000163161690244104,"Vil1/Myo1a/Iqgap2/Ezr/Myo7b/Dstn/Actn4/Myh14",8
"GO:0008092","GO:0008092","cytoskeletal protein binding","12/34","190/2354",6.1138224456606e-06,0.000315880826359131,0.000296037718421461,"Vil1/Myo1a/Iqgap2/Plec/Ezr/Myo7b/Dstn/Eps8l3/Cdh17/Prom1/Actn4/Myh14",12
"GO:0045296","GO:0045296","cadherin binding","4/34","22/2354",0.000221009749455627,0.0073173468288427,0.00685768327592728,"Jup/Epcam/Cdh17/Prom1",4
"GO:0050839","GO:0050839","cell adhesion molecule binding","6/34","64/2354",0.0002360434460917,0.0073173468288427,0.00685768327592728,"Jup/Dsp/Epcam/Ezr/Cdh17/Prom1",6
"GO:0097110","GO:0097110","scaffold protein binding","3/34","13/2354",0.000713748511089037,0.0184385032031335,0.0172802271105767,"Dsp/Krt18/Map2k1",3
