HF_hit_7mer,enrich,miR
GAGGAGG,3.3085187878368534,
GGAGGGA,3.2248470899753676,
GAGAGAG,3.059715726390195,
AGGAGGG,2.8798721445161646,
AGGAGGA,2.87939364637952,
AGAGGAG,2.873820500994866,
GAGGGAA,2.8341306894392297,
AGAGAGA,2.672140000703222,
GAGGGAG,2.6415214357159704,
AAGGAGG,2.6160158988315967,
AGGGAGA,2.5036283637586396,"miR-343,miR-6976-3p"
GAAGGAG,2.41545803686818,miR-712-5p
AGAGAAG,2.3677127561579354,"miR-12202-3p,miR-7028-3p"
GAGAGGG,2.364091943080821,
AGAGAGG,2.3514055783446723,
GGAGGAG,2.3507496554775575,miR-6919-3p
AAGAGGA,2.296873995155638,miR-6961-3p
GGAAGAG,2.1958964893789887,
AGGGAAG,2.1838081748842977,
TGCTGAA,2.1811879712149715,
GGGAGAA,2.178572517699063,
AGGAAGA,2.1359240190746602,
GAGAGGA,2.124715635408907,miR-7032-3p
GGAGGAA,2.107201043307914,
TGCTGCT,2.088836190176836,"miR-103-3p,miR-107-3p,miR-15a-5p,miR-15b-5p,miR-16-5p,miR-1907,miR-195a-5p,miR-195b,miR-322-5p,miR-497a-5p,miR-6342,miR-6353,miR-6419"
GAAGAGG,2.0391945668298903,
AGAAAGA,2.0179990109537935,
GGGAAAG,2.008280075377411,miR-7211-5p
AGAAGGA,2.0063568802983647,
GAGAAGG,1.9994164320209258,"miR-320-5p,miR-7028-3p"
GAGGCAG,1.9925092127273691,
GAGGAAG,1.9742500200932387,
GTTTACA,1.9725274234060048,"miR-30a-5p,miR-30b-5p,miR-30c-5p,miR-30d-5p,miR-30e-5p,miR-384-5p"
GGAGAAG,1.9251971116435727,miR-207
GAAAGAG,1.9191972507037418,"miR-130b-5p,miR-7014-3p"
AAGAAGA,1.9077652651158274,
CAAAGTG,1.9009878730521004,miR-3470a
GAAAGAA,1.9009878730521004,
GCAGAGA,1.9009878730521004,
AAAGAAG,1.8984051944075528,
AGAGGGA,1.8984051944075528,
GGAGAGA,1.845210322796684,"miR-3473c,miR-6975-3p,miR-7649-3p"
CAGAGAA,1.8427255059104721,
GAGAAGC,1.8328288155940529,miR-207
GTACCTC,1.8220530249956306,
CTGCTGC,1.8215903291812066,"miR-1906,miR-761"
GGAGAGG,1.8083800945914354,
AAGAGAA,1.7987154486774832,
AGAAGAG,1.7677451345448367,
