HF_specific_7mer,enrich,miR
GAGAGAG,6.5462719133247225,
AGAGAGA,6.437619625924516,
AGAGAGG,4.052990825644161,
GTTAGTA,3.881307188666684,
TTAGTAC,3.863916334253283,
GGTTAGT,3.788373784600587,
TAGTACT,3.754561297873401,
GAGAGGG,3.7025711114328583,
TGGTTAG,3.7011696388485245,
GGAGAGA,3.675162761042237,"miR-3473c,miR-6975-3p,miR-7649-3p"
GAGGGAG,3.6346822479473273,
GAAGCTA,3.552383122069216,miR-7072-3p
GCTAAGC,3.467240575802405,
GGGAGAG,3.461294938214548,miR-1894-5p
AAGCTAA,3.4566849811514726,
AGCTAAG,3.4443753089143105,miR-5622-3p
AGGGAGA,3.4118083771135654,"miR-343,miR-6976-3p"
AGTACTT,3.4065088028773665,
AGAGGGA,3.4025908094415813,
GTACTTG,3.3920532806188985,
CTGGTTA,3.3712601935601536,
TAAGCAG,3.3521190278251543,miR-3105-3p
CTAAGCA,3.336852295154766,
GAGAGGA,3.2947005627615478,miR-7032-3p
TGATCTC,3.2165460312897216,
TACTTGG,3.170812598016034,
CTGATCT,3.1681480649635794,miR-383-5p
GCAGGGT,3.1054177906977065,miR-7017-3p
TCTGATC,3.104817989782894,miR-383-5p
GGAGGGA,3.07980351699606,
CTCGGAA,3.0642500266080184,
AGGGTCG,3.0259258762784875,
CCTGGTT,2.988625992227071,
GATCTCG,2.9885934905838125,
AGAGGAG,2.9244994686262995,
GAGGGAA,2.922195817434516,
ATCTCGG,2.916707554137793,
AGGGAGG,2.9063025286228896,
AAGCAGG,2.9056475091395475,
CTTGGAT,2.9033509658500236,
TTGGATG,2.882984269502955,
TCGGAAG,2.867504321691598,
GGGGAGA,2.8559087639131344,"miR-1894-5p,miR-7045-3p"
ACTTGGA,2.8453842061427506,
GGGTCGG,2.82760519639332,
CGGAAGC,2.823691546961807,
AGGAGAG,2.818546968623011,miR-6975-3p
GTCGGGC,2.8039112259183487,
GCCTGGT,2.7640194285776474,miR-1911-3p
AAAAAAA,2.7546635150779877,miR-7116-3p
