HFK_specific_7mer,enrich,miR
CTACCTC,3.1353106410568885,"let-7a-5p,let-7b-5p,let-7c-5p,let-7d-5p,let-7e-5p,let-7f-5p,let-7g-5p,let-7i-5p,let-7k,miR-1961,miR-98-5p"
CTGTTAC,3.0974128501542224,miR-194-5p
AGTATTA,2.825960701376549,"miR-200b-3p,miR-200c-3p,miR-429-3p"
TACCTCA,2.7278774885212598,"let-7a-5p,let-7b-5p,let-7c-5p,let-7e-5p,let-7f-5p,let-7g-5p,let-7i-5p,let-7j,let-7k,miR-1961,miR-98-5p"
CAGTATT,2.726626728010101,"miR-200b-3p,miR-200c-3p,miR-429-3p"
CGCACAA,2.673223048044546,
GGTGCTA,2.664634384281107,"miR-29a-3p,miR-29b-3p,miR-29c-3p"
TCTACCT,2.577623614681032,miR-1839-5p
TGTTACA,2.4966170156963767,miR-194-5p
ATCTACC,2.477706948018956,miR-376a-5p
ACTACCT,2.421275624672112,"miR-196a-5p,miR-196b-5p,miR-3962"
TGTTACG,2.331355350227712,
GCAGTAT,2.3299310415757657,
TGGTGCT,2.2807730544107936,"miR-29a-3p,miR-29b-3p,miR-29c-3p,miR-770-5p"
TACCTCT,2.246790265058216,"let-7d-5p,miR-202-3p"
TCAGTAT,2.2387181116132178,
AACGCAC,2.1888376836444583,
CCTACCT,2.170505077514037,
TGTTACC,2.1305939353814,
ACCTACC,2.1296477645514496,
TGTTACT,2.1180064814747936,
GCTGTTA,2.083510556443647,
ACGCACA,2.0573323588795676,miR-210-3p
GCACTTT,2.048553009719656,"miR-106a-5p,miR-106b-5p,miR-17-5p,miR-20a-5p,miR-20b-5p,miR-290a-3p,miR-291a-3p,miR-291b-3p,miR-292a-3p,miR-294-3p,miR-295-3p,miR-350-5p,miR-6383,miR-93-5p"
TCTGTTA,2.027457601079704,
TACGCAC,2.0125045968072737,
TACCTCG,2.0054199070617527,
GTATTAC,1.9924550801858927,
ATGGTGC,1.9642163094433023,miR-767
AACTACC,1.951990293120999,
TACCTCC,1.946824922224237,
GTTACTG,1.9330998763939606,miR-802-5p
CCGCACA,1.9100196392658533,miR-147-3p
ACTTGAA,1.8948083577454293,"miR-26a-5p,miR-26b-5p,miR-6371"
GCTGCTA,1.8818132864164892,"miR-15a-5p,miR-15b-5p,miR-16-5p,miR-195a-5p,miR-195b,miR-503-5p,miR-6353"
TCCGTTA,1.8512634442691553,
GTATTAG,1.8478470512592615,
GTTACAG,1.8443199646612334,
GTTACAC,1.8397984804667928,
GTATTAT,1.8100657131555076,"miR-369-3p,miR-374c-5p"
GCAGCTA,1.792503947019436,
TGCTGCT,1.790505953554909,"miR-103-3p,miR-107-3p,miR-15a-5p,miR-15b-5p,miR-16-5p,miR-1907,miR-195a-5p,miR-195b,miR-322-5p,miR-497a-5p,miR-6342,miR-6353,miR-6419"
GTTACCT,1.7862263342207236,
GTTACGC,1.778555287328947,
TACCTAC,1.7785057481505258,miR-6973b-5p
CGCACTT,1.7721705034701942,"miR-467c-5p,miR-467d-5p"
TTGGTGC,1.7663934201752043,
GTTACAT,1.7655262519200614,"miR-379-3p,miR-411-3p"
GTGCAAT,1.7650640002021512,"miR-25-3p,miR-32-5p,miR-363-3p,miR-367-3p,miR-92a-3p,miR-92b-3p"
CGCACAT,1.7462131966865269,
