HFK_hit_7mer,enrich,miR
CTACCTC,2.882893313587825,"let-7a-5p,let-7b-5p,let-7c-5p,let-7d-5p,let-7e-5p,let-7f-5p,let-7g-5p,let-7i-5p,let-7k,miR-1961,miR-98-5p"
GGTGCTA,2.3405698261881325,"miR-29a-3p,miR-29b-3p,miR-29c-3p"
AGTATTA,2.2615573173012735,"miR-200b-3p,miR-200c-3p,miR-429-3p"
TGCCTGC,2.246395225658772,
TCAGTAT,2.2439498292457642,
CAGTATT,2.1839944501027326,"miR-200b-3p,miR-200c-3p,miR-429-3p"
CTGTTAC,2.1608328667484598,miR-194-5p
ATGCTGC,2.1498608754880295,"miR-103-3p,miR-107-3p"
GTATTAT,2.141403887900497,"miR-369-3p,miR-374c-5p"
CTGTGCC,2.0330583881639175,miR-9769-5p
GCCCCTG,2.004419464176509,
TGTTACA,1.9766685664678785,miR-194-5p
CCCCTGG,1.9372353445464436,
ACCTCAT,1.9256548961245523,
CAATGCT,1.9219770315672702,miR-1955-3p
ACCTCAG,1.9119213601220528,
GGAACAG,1.8880742023062242,
GATTTAC,1.8838049206489706,
CTCTTTG,1.8817360412075597,miR-6416-3p
GAACAGG,1.8426179703153567,"miR-26a-2-3p,miR-26b-3p,miR-7039-3p"
TATCCTG,1.8382123687361769,
ATGGTGC,1.8360146027669062,miR-767
GAGTCGT,1.8350186509300084,
TGGTGCT,1.825017530749133,"miR-29a-3p,miR-29b-3p,miR-29c-3p,miR-770-5p"
CGTGGAG,1.8121116642275255,
ATATCCT,1.7788233618105915,
GTTACAG,1.7757983470805534,
TGATGAC,1.7736935659055595,
CAAAACG,1.76133646180623,
GTGCTAG,1.7438131006021365,
CCGCAGT,1.727384568015846,
ACCTCAA,1.7139535424276107,
GTGCCTG,1.7066838358295713,miR-6715-5p
CAGCTGT,1.702753432761357,
CCTCTGA,1.6963903120597223,miR-7064-5p
TCCTTCG,1.6942133495846496,
TGGAGTG,1.6879560706138728,miR-3110-3p
GCCTGCT,1.6861697118333396,
GTCAACC,1.6793840173577155,"miR-1197-5p,miR-758-5p"
TGAGCCA,1.677707509620747,"miR-24-3p,miR-3106-5p,miR-5124b,miR-6361,miR-6369,miR-6410,miR-6413"
TCCCACG,1.6617877109417103,miR-7089-5p
AGCGGCA,1.6588757464058044,
ACTGAAC,1.6482254933829559,
TGCTGTA,1.6450002740104643,
CCCTGTA,1.6367103509215535,miR-6912-5p
CTGAGCC,1.6337916546156102,"miR-24-3p,miR-5124b,miR-6361,miR-6369,miR-6410,miR-6413"
GGGTGTT,1.6275639579487846,
CAGCTCG,1.6243830539860746,
TCTACCT,1.6183160172227031,miR-1839-5p
