weird_HFK_specific_7mer,enrich,miR
ACCTACC,2.462115321019157,
CCTACCT,2.4511636520374767,
GCAGTAT,2.266959275578404,
TACCTCT,2.19605885095475,"let-7d-5p,miR-202-3p"
TACCTAC,2.189407709692534,miR-6973b-5p
TCCGTTA,2.1146283036589697,
TACCTCG,2.0835121495659994,
ATCTACC,2.0581377139086623,miR-376a-5p
GTTACAC,2.051229587065527,
GTTACCG,2.047914631247043,
ACGCACA,2.0340402866352134,miR-210-3p
TGTTACC,1.9890528654920963,
TCCGCAC,1.937044580511665,
GGCTTGC,1.8871164970734997,
GCTGTTA,1.882260857050211,
GTTACCT,1.8774797697271821,
TACCGGT,1.8454678832809073,
CGCACAT,1.8413345271241606,
GAGGTAG,1.8319648010683889,
AGCAGTA,1.828973559649121,
TTACCGG,1.821305029767748,
TATTATC,1.814414665653979,
TCCTACC,1.7912475954165046,
ACCTCTC,1.7875471514391073,
CTACCTA,1.775140465021785,"miR-196a-5p,miR-196b-5p"
TTGGTGC,1.7745407071185055,
CGGACCT,1.7721116344239298,
GTGCTCG,1.7721116344239298,
GGTCCTA,1.7623344521046986,
GCTCGAA,1.7397863910845917,
GCTGCTA,1.728569569233201,"miR-15a-5p,miR-15b-5p,miR-16-5p,miR-195a-5p,miR-195b,miR-503-5p,miR-6353"
ACTGTTA,1.7016653221485545,"miR-132-3p,miR-212-3p"
ATAGCTG,1.6782294770997253,
CGTTACC,1.67340170289972,
TCTGACG,1.6626286059069604,
TTGTCGC,1.6626286059069604,
TCCGCTG,1.660663468908443,
