"","ID","Description","GeneRatio","BgRatio","pvalue","p.adjust","qvalue","geneID","Count"
"mmu04071","mmu04071","Sphingolipid signaling pathway","12/147","124/8912",8.44794935559296e-07,0.000223025862987654,0.000198304495399708,"433323/19878/241447/14679/11652/20773/18805/14673/18750/19211/52432/11886",12
"mmu04810","mmu04810","Regulation of actin cytoskeleton","13/147","220/8912",6.66204446499183e-05,0.00863897189720452,0.00768138250827993,"76709/17931/19878/54126/237860/224105/18719/56443/14673/11461/16403/50884/73178",13
"mmu04022","mmu04022","cGMP-PKG signaling pathway","11/147","173/8912",0.000129329517010335,0.00863897189720452,0.00768138250827993,"17931/19878/14679/11652/19735/11931/11512/14673/54611/18021/11551",11
"mmu04666","mmu04666","Fc gamma R-mediated phagocytosis","8/147","92/8912",0.000130893513594008,0.00863897189720452,0.00768138250827993,"76709/13196/11652/18719/18805/56443/18750/13430",8
"mmu05135","mmu05135","Yersinia infection","9/147","134/8912",0.000358416551187041,0.0189243939026758,0.0168267138767811,"76709/19878/11652/54126/18719/56443/11461/18021/73178",9
"mmu04961","mmu04961","Endocrine and other factor-regulated calcium reabsorption","6/147","61/8912",0.000478461663894085,0.0210523132113397,0.0187187633418212,"232910/11931/11512/16612/18750/13430",6
